"WebURL","WebTitle","Description","DataURL","FileName"
"https://data.gov.tw/dataset/12369","各機場、港口入出境人數統計資料","自104年2月起，每周提供每日各機場港口入出境人數統計資料。","http://data.moi.gov.tw/MoiOD/System/DownloadFile.aspx?DATA=1FA3A19E-E6C0-463B-853E-A0D787D4CD79","各機場、港口入出境人數統計資料_1040419"
"https://data.gov.tw/dataset/12369","各機場、港口入出境人數統計資料","自104年2月起，每周提供每日各機場港口入出境人數統計資料。","http://data.moi.gov.tw/MoiOD/System/DownloadFile.aspx?DATA=E3D72D9A-5A04-44D2-8717-BBACE9B144AE","各機場、港口入出境人數統計資料_1041213"
"https://data.gov.tw/dataset/12369","各機場、港口入出境人數統計資料","自104年2月起，每周提供每日各機場港口入出境人數統計資料。","http://data.moi.gov.tw/MoiOD/System/DownloadFile.aspx?DATA=5868C797-C5D4-4993-9246-4F4EF927F2F7","各機場、港口入出境人數統計資料_1060730"
"https://data.gov.tw/dataset/12369","各機場、港口入出境人數統計資料","自104年2月起，每周提供每日各機場港口入出境人數統計資料。","http://data.moi.gov.tw/MoiOD/System/DownloadFile.aspx?DATA=EBC1DF43-A422-49BF-8607-7500A4BE9918","各機場、港口入出境人數統計資料_1040628"
"https://data.gov.tw/dataset/12369","各機場、港口入出境人數統計資料","自104年2月起，每周提供每日各機場港口入出境人數統計資料。","http://data.moi.gov.tw/MoiOD/System/DownloadFile.aspx?DATA=7836DF87-AC4A-420E-AD6D-CEFD5EDBCB68","各機場、港口入出境人數統計資料_1050313"
"https://data.gov.tw/dataset/12369","各機場、港口入出境人數統計資料","自104年2月起，每周提供每日各機場港口入出境人數統計資料。","http://data.moi.gov.tw/MoiOD/System/DownloadFile.aspx?DATA=69C44CC7-4785-4033-9169-CF79885A7178","各機場、港口入出境人數統計資料_1050207"
"https://data.gov.tw/dataset/12369","各機場、港口入出境人數統計資料","自104年2月起，每周提供每日各機場港口入出境人數統計資料。","http://data.moi.gov.tw/MoiOD/System/DownloadFile.aspx?DATA=E90DA5DB-2AF8-408B-A1AC-177521F0FEFA","各機場、港口入出境人數統計資料_1040329"
"https://data.gov.tw/dataset/12369","各機場、港口入出境人數統計資料","自104年2月起，每周提供每日各機場港口入出境人數統計資料。","http://data.moi.gov.tw/MoiOD/System/DownloadFile.aspx?DATA=15FB3885-28EF-45E8-A50E-1A8EF3D47A82","各機場、港口入出境人數統計資料_1050508"
"https://data.gov.tw/dataset/12369","各機場、港口入出境人數統計資料","自104年2月起，每周提供每日各機場港口入出境人數統計資料。","http://data.moi.gov.tw/MoiOD/System/DownloadFile.aspx?DATA=0A7C6E11-4078-4F3B-9742-07C0C60B2B46","各機場、港口入出境人數統計資料_1060710"
"https://data.gov.tw/dataset/12369","各機場、港口入出境人數統計資料","自104年2月起，每周提供每日各機場港口入出境人數統計資料。","http://data.moi.gov.tw/MoiOD/System/DownloadFile.aspx?DATA=BEA32891-131A-4647-8842-27007C022757","各機場、港口入出境人數統計資料_1041206"
"https://data.gov.tw/dataset/12369","各機場、港口入出境人數統計資料","自104年2月起，每周提供每日各機場港口入出境人數統計資料。","http://data.moi.gov.tw/MoiOD/System/DownloadFile.aspx?DATA=BC6287BB-A19D-4E5A-8055-FE51F9A734B5","各機場、港口入出境人數統計資料_1060625"
"https://data.gov.tw/dataset/12369","各機場、港口入出境人數統計資料","自104年2月起，每周提供每日各機場港口入出境人數統計資料。","http://data.moi.gov.tw/MoiOD/System/DownloadFile.aspx?DATA=1C979581-F2B9-4B96-9312-6278EADAA50C","各機場、港口入出境人數統計資料_1040906"
"https://data.gov.tw/dataset/12369","各機場、港口入出境人數統計資料","自104年2月起，每周提供每日各機場港口入出境人數統計資料。","http://data.moi.gov.tw/MoiOD/System/DownloadFile.aspx?DATA=C60D337B-C831-4F95-9B11-51C243B41449","各機場、港口入出境人數統計資料_1050403"
"https://data.gov.tw/dataset/12369","各機場、港口入出境人數統計資料","自104年2月起，每周提供每日各機場港口入出境人數統計資料。","http://data.moi.gov.tw/MoiOD/System/DownloadFile.aspx?DATA=5FC8BB6B-1B0C-45F3-B66C-D6A994AC8135","各機場、港口入出境人數統計資料_1050110"
"https://data.gov.tw/dataset/12369","各機場、港口入出境人數統計資料","自104年2月起，每周提供每日各機場港口入出境人數統計資料。","http://data.moi.gov.tw/MoiOD/System/DownloadFile.aspx?DATA=D55D6896-67AC-45CB-AC09-9318FCD6E267","各機場、港口入出境人數統計資料_1041011"
"https://data.gov.tw/dataset/12369","各機場、港口入出境人數統計資料","自104年2月起，每周提供每日各機場港口入出境人數統計資料。","http://data.moi.gov.tw/MoiOD/System/DownloadFile.aspx?DATA=13C7905E-F391-4605-AF4B-EA0C584EF7C6","各機場、港口入出境人數統計資料_1050228"
"https://data.gov.tw/dataset/12369","各機場、港口入出境人數統計資料","自104年2月起，每周提供每日各機場港口入出境人數統計資料。","http://data.moi.gov.tw/MoiOD/System/DownloadFile.aspx?DATA=50656211-FAFA-4971-9BF8-5DA3CEDA1B29","各機場、港口入出境人數統計資料_1041018"
"https://data.gov.tw/dataset/12369","各機場、港口入出境人數統計資料","自104年2月起，每周提供每日各機場港口入出境人數統計資料。","http://data.moi.gov.tw/MoiOD/System/DownloadFile.aspx?DATA=3F8F3BC9-CF04-49D1-8102-91C6798B8AC6","各機場、港口入出境人數統計資料_20160327"
"https://data.gov.tw/dataset/12369","各機場、港口入出境人數統計資料","自104年2月起，每周提供每日各機場港口入出境人數統計資料。","http://data.moi.gov.tw/MoiOD/System/DownloadFile.aspx?DATA=EAA50C21-01DB-4D59-B383-24DE58022497","各機場、港口入出境人數統計資料_1060709"
"https://data.gov.tw/dataset/12369","各機場、港口入出境人數統計資料","自104年2月起，每周提供每日各機場港口入出境人數統計資料。","http://data.moi.gov.tw/MoiOD/System/DownloadFile.aspx?DATA=7F986D24-3383-4E40-9CD5-B14EBDC6CE27","各機場、港口入出境人數統計資料_1050117"
"https://data.gov.tw/dataset/12369","各機場、港口入出境人數統計資料","自104年2月起，每周提供每日各機場港口入出境人數統計資料。","http://data.moi.gov.tw/MoiOD/System/DownloadFile.aspx?DATA=0ABFEE8B-39D5-49CE-A023-654D61A3C7DF","各機場、港口入出境人數統計資料_1060409"
"https://data.gov.tw/dataset/12369","各機場、港口入出境人數統計資料","自104年2月起，每周提供每日各機場港口入出境人數統計資料。","http://data.moi.gov.tw/MoiOD/System/DownloadFile.aspx?DATA=CE8947AD-9928-4437-BF02-2C757E39477D","各機場、港口入出境人數統計資料_1060326"
"https://data.gov.tw/dataset/12369","各機場、港口入出境人數統計資料","自104年2月起，每周提供每日各機場港口入出境人數統計資料。","http://data.moi.gov.tw/MoiOD/System/DownloadFile.aspx?DATA=BFB8EABB-EDB4-4724-83E2-27B72BACB2A8","各機場、港口入出境人數統計資料_1051023"
"https://data.gov.tw/dataset/12369","各機場、港口入出境人數統計資料","自104年2月起，每周提供每日各機場港口入出境人數統計資料。","http://data.moi.gov.tw/MoiOD/System/DownloadFile.aspx?DATA=A7CA60BD-1588-4174-9B30-808A6643D637","各機場、港口入出境人數統計資料_1040913"
"https://data.gov.tw/dataset/12369","各機場、港口入出境人數統計資料","自104年2月起，每周提供每日各機場港口入出境人數統計資料。","http://data.moi.gov.tw/MoiOD/System/DownloadFile.aspx?DATA=A9CBE42D-B06B-44BF-9658-7B046E4C36A0","各機場、港口入出境人數統計資料_1060910"
"https://data.gov.tw/dataset/12369","各機場、港口入出境人數統計資料","自104年2月起，每周提供每日各機場港口入出境人數統計資料。","http://data.moi.gov.tw/MoiOD/System/DownloadFile.aspx?DATA=9B3E94CE-9AC1-4464-AB74-FFEA8E9AEF67","各機場、港口入出境人數統計資料_1060416"
"https://data.gov.tw/dataset/12369","各機場、港口入出境人數統計資料","自104年2月起，每周提供每日各機場港口入出境人數統計資料。","http://data.moi.gov.tw/MoiOD/System/DownloadFile.aspx?DATA=078F6F22-D630-418C-A14C-1BE001D1F0F5","各機場、港口入出境人數統計資料_1050925"
"https://data.gov.tw/dataset/12369","各機場、港口入出境人數統計資料","自104年2月起，每周提供每日各機場港口入出境人數統計資料。","http://data.moi.gov.tw/MoiOD/System/DownloadFile.aspx?DATA=508A5C32-1FB0-41A4-9D87-199A16E0CB91","各機場、港口入出境人數統計資料_1041227"
"https://data.gov.tw/dataset/12369","各機場、港口入出境人數統計資料","自104年2月起，每周提供每日各機場港口入出境人數統計資料。","http://data.moi.gov.tw/MoiOD/System/DownloadFile.aspx?DATA=CA88DAE6-55B1-4883-BC72-904DD5132105","各機場、港口入出境人數統計資料_1051120"
"https://data.gov.tw/dataset/12369","各機場、港口入出境人數統計資料","自104年2月起，每周提供每日各機場港口入出境人數統計資料。","http://data.moi.gov.tw/MoiOD/System/DownloadFile.aspx?DATA=E54FFE4E-0C9D-4FEC-8B28-E6636D682D39","各機場、港口入出境人數統計資料_1050410"
"https://data.gov.tw/dataset/12369","各機場、港口入出境人數統計資料","自104年2月起，每周提供每日各機場港口入出境人數統計資料。","http://data.moi.gov.tw/MoiOD/System/DownloadFile.aspx?DATA=28D11FB3-F9DF-4CD5-B773-FB8E6A64BE2D","各機場、港口入出境人數統計資料_1040524"
"https://data.gov.tw/dataset/12369","各機場、港口入出境人數統計資料","自104年2月起，每周提供每日各機場港口入出境人數統計資料。","http://data.moi.gov.tw/MoiOD/System/DownloadFile.aspx?DATA=D0A8BC1A-85CB-4F88-AE7B-ABDFA3BB01AC","各機場、港口入出境人數統計資料_1051011"
"https://data.gov.tw/dataset/12369","各機場、港口入出境人數統計資料","自104年2月起，每周提供每日各機場港口入出境人數統計資料。","http://data.moi.gov.tw/MoiOD/System/DownloadFile.aspx?DATA=54F045C6-383B-44E1-8071-C68CE649C4AE","各機場、港口入出境人數統計資料_1040705"
"https://data.gov.tw/dataset/12369","各機場、港口入出境人數統計資料","自104年2月起，每周提供每日各機場港口入出境人數統計資料。","http://data.moi.gov.tw/MoiOD/System/DownloadFile.aspx?DATA=182CB679-7FC2-492B-81F2-C86780F5819C","各機場、港口入出境人數統計資料_1051225"
"https://data.gov.tw/dataset/12369","各機場、港口入出境人數統計資料","自104年2月起，每周提供每日各機場港口入出境人數統計資料。","http://data.moi.gov.tw/MoiOD/System/DownloadFile.aspx?DATA=1D839833-3EDD-4826-8C42-2D75B5E2BA26","各機場、港口入出境人數統計資料_1060723"
"https://data.gov.tw/dataset/12369","各機場、港口入出境人數統計資料","自104年2月起，每周提供每日各機場港口入出境人數統計資料。","http://data.moi.gov.tw/MoiOD/System/DownloadFile.aspx?DATA=2E2624ED-CEF3-47B3-BDD7-A995CB29C300","各機場、港口入出境人數統計資料_1060820"
"https://data.gov.tw/dataset/12369","各機場、港口入出境人數統計資料","自104年2月起，每周提供每日各機場港口入出境人數統計資料。","http://data.moi.gov.tw/MoiOD/System/DownloadFile.aspx?DATA=4B2CB6DC-D1EB-46E0-BAA0-78AFC651348B","各機場、港口入出境人數統計資料_1050911"
"https://data.gov.tw/dataset/12369","各機場、港口入出境人數統計資料","自104年2月起，每周提供每日各機場港口入出境人數統計資料。","http://data.moi.gov.tw/MoiOD/System/DownloadFile.aspx?DATA=2424C8CA-984E-41E6-B783-BFC90A5E0E1F","各機場、港口入出境人數統計資料_1050814"
"https://data.gov.tw/dataset/12369","各機場、港口入出境人數統計資料","自104年2月起，每周提供每日各機場港口入出境人數統計資料。","http://data.moi.gov.tw/MoiOD/System/DownloadFile.aspx?DATA=35093CA9-8E22-4BA1-946F-7A090D6EC5C0","各機場、港口入出境人數統計資料_1050331"
"https://data.gov.tw/dataset/12369","各機場、港口入出境人數統計資料","自104年2月起，每周提供每日各機場港口入出境人數統計資料。","http://data.moi.gov.tw/MoiOD/System/DownloadFile.aspx?DATA=B75D9812-B970-4D37-B794-C52F06C871C4","各機場、港口入出境人數統計資料_1060423"
"https://data.gov.tw/dataset/12369","各機場、港口入出境人數統計資料","自104年2月起，每周提供每日各機場港口入出境人數統計資料。","http://data.moi.gov.tw/MoiOD/System/DownloadFile.aspx?DATA=A5D74DCC-8D8C-48FA-81A5-965ED3864A94","各機場、港口入出境人數統計資料_1060806"
"https://data.gov.tw/dataset/12369","各機場、港口入出境人數統計資料","自104年2月起，每周提供每日各機場港口入出境人數統計資料。","http://data.moi.gov.tw/MoiOD/System/DownloadFile.aspx?DATA=A873C6B0-8F61-4DD6-AEDB-49812CB3BE67","各機場、港口入出境人數統計資料_1040607"
"https://data.gov.tw/dataset/12369","各機場、港口入出境人數統計資料","自104年2月起，每周提供每日各機場港口入出境人數統計資料。","http://data.moi.gov.tw/MoiOD/System/DownloadFile.aspx?DATA=625FB5EB-7F57-4264-ADAE-E40D98CACEAA","各機場、港口入出境人數統計資料_1051204"
"https://data.gov.tw/dataset/12369","各機場、港口入出境人數統計資料","自104年2月起，每周提供每日各機場港口入出境人數統計資料。","http://data.moi.gov.tw/MoiOD/System/DownloadFile.aspx?DATA=13348BB4-D4CF-47D5-8571-EBF131CE80D7","各機場、港口入出境人數統計資料_1040816"
"https://data.gov.tw/dataset/12369","各機場、港口入出境人數統計資料","自104年2月起，每周提供每日各機場港口入出境人數統計資料。","http://data.moi.gov.tw/MoiOD/System/DownloadFile.aspx?DATA=479AAA1A-8316-49A9-ABFF-6DB16D5C6F8C","各機場、港口入出境人數統計資料_1050229"
"https://data.gov.tw/dataset/12369","各機場、港口入出境人數統計資料","自104年2月起，每周提供每日各機場港口入出境人數統計資料。","http://data.moi.gov.tw/MoiOD/System/DownloadFile.aspx?DATA=2FB63902-7BF0-4D3C-B5FD-D07F7C164B0A","各機場、港口入出境人數統計資料_1051031"
"https://data.gov.tw/dataset/12369","各機場、港口入出境人數統計資料","自104年2月起，每周提供每日各機場港口入出境人數統計資料。","http://data.moi.gov.tw/MoiOD/System/DownloadFile.aspx?DATA=B12C3B42-C7E2-4E7D-BD1A-809F37639CE9","各機場、港口入出境人數統計資料_1060131"
"https://data.gov.tw/dataset/12369","各機場、港口入出境人數統計資料","自104年2月起，每周提供每日各機場港口入出境人數統計資料。","http://data.moi.gov.tw/MoiOD/System/DownloadFile.aspx?DATA=FF92F22B-E9A3-4C77-AD16-D27AB3828B29","各機場、港口入出境人數統計資料_1060331"
"https://data.gov.tw/dataset/12369","各機場、港口入出境人數統計資料","自104年2月起，每周提供每日各機場港口入出境人數統計資料。","http://data.moi.gov.tw/MoiOD/System/DownloadFile.aspx?DATA=753EB925-DDCB-468B-81CE-846EB35C714F","各機場、港口入出境人數統計資料_1050131"
"https://data.gov.tw/dataset/12369","各機場、港口入出境人數統計資料","自104年2月起，每周提供每日各機場港口入出境人數統計資料。","http://data.moi.gov.tw/MoiOD/System/DownloadFile.aspx?DATA=B7AB43E7-37DD-48A0-B4BA-9534A002037C","各機場、港口入出境人數統計資料_1040712"
"https://data.gov.tw/dataset/12369","各機場、港口入出境人數統計資料","自104年2月起，每周提供每日各機場港口入出境人數統計資料。","http://data.moi.gov.tw/MoiOD/System/DownloadFile.aspx?DATA=85338DD9-7C0B-4552-800D-51DFCE15DB2F","各機場、港口入出境人數統計資料_1040315"
"https://data.gov.tw/dataset/12369","各機場、港口入出境人數統計資料","自104年2月起，每周提供每日各機場港口入出境人數統計資料。","http://data.moi.gov.tw/MoiOD/System/DownloadFile.aspx?DATA=A9989C9B-BEC7-497E-9DF9-C796CD065938","各機場、港口入出境人數統計資料_1051231"
"https://data.gov.tw/dataset/12369","各機場、港口入出境人數統計資料","自104年2月起，每周提供每日各機場港口入出境人數統計資料。","http://data.moi.gov.tw/MoiOD/System/DownloadFile.aspx?DATA=F6927967-A83A-40FE-83AF-3414ABA13456","各機場、港口入出境人數統計資料_1040517"
"https://data.gov.tw/dataset/12369","各機場、港口入出境人數統計資料","自104年2月起，每周提供每日各機場港口入出境人數統計資料。","http://data.moi.gov.tw/MoiOD/System/DownloadFile.aspx?DATA=13B72B51-5A1D-44E1-8A4C-DA95C4EB9663","各機場、港口入出境人數統計資料_1040830"
"https://data.gov.tw/dataset/12369","各機場、港口入出境人數統計資料","自104年2月起，每周提供每日各機場港口入出境人數統計資料。","http://data.moi.gov.tw/MoiOD/System/DownloadFile.aspx?DATA=47E44CDF-9EEF-4A3E-AE47-2BE08ADD1F9C","各機場、港口入出境人數統計資料_1040426"
"https://data.gov.tw/dataset/12369","各機場、港口入出境人數統計資料","自104年2月起，每周提供每日各機場港口入出境人數統計資料。","http://data.moi.gov.tw/MoiOD/System/DownloadFile.aspx?DATA=8A2E8335-FFBD-497E-95D2-E4C173D8459B","各機場、港口入出境人數統計資料_1041004"
"https://data.gov.tw/dataset/12369","各機場、港口入出境人數統計資料","自104年2月起，每周提供每日各機場港口入出境人數統計資料。","http://data.moi.gov.tw/MoiOD/System/DownloadFile.aspx?DATA=08869B60-6FD7-4DC3-A9F0-36BFBF0BD21E","各機場、港口入出境人數統計資料_1060521"
"https://data.gov.tw/dataset/12369","各機場、港口入出境人數統計資料","自104年2月起，每周提供每日各機場港口入出境人數統計資料。","http://data.moi.gov.tw/MoiOD/System/DownloadFile.aspx?DATA=88CC5D64-28B9-43EF-A0C8-52CB22D162E9","各機場、港口入出境人數統計資料_1051113"
"https://data.gov.tw/dataset/12369","各機場、港口入出境人數統計資料","自104年2月起，每周提供每日各機場港口入出境人數統計資料。","http://data.moi.gov.tw/MoiOD/System/DownloadFile.aspx?DATA=8C1A3BD1-5C10-4D89-A312-0595E212D412","各機場、港口入出境人數統計資料_1041025"
"https://data.gov.tw/dataset/12369","各機場、港口入出境人數統計資料","自104年2月起，每周提供每日各機場港口入出境人數統計資料。","http://data.moi.gov.tw/MoiOD/System/DownloadFile.aspx?DATA=C16EAC0D-5DE9-47DF-AC21-AD7F82AB872E","各機場、港口入出境人數統計資料_1050930"
"https://data.gov.tw/dataset/12369","各機場、港口入出境人數統計資料","自104年2月起，每周提供每日各機場港口入出境人數統計資料。","http://data.moi.gov.tw/MoiOD/System/DownloadFile.aspx?DATA=452A27BD-E1C0-4372-93ED-4517941F24FA","各機場、港口入出境人數統計資料_1060514"
"https://data.gov.tw/dataset/12369","各機場、港口入出境人數統計資料","自104年2月起，每周提供每日各機場港口入出境人數統計資料。","http://data.moi.gov.tw/MoiOD/System/DownloadFile.aspx?DATA=1B798F87-F8D9-4BF7-AD3B-0C75FBEEBE7A","各機場、港口入出境人數統計資料_1050320"
"https://data.gov.tw/dataset/12369","各機場、港口入出境人數統計資料","自104年2月起，每周提供每日各機場港口入出境人數統計資料。","http://data.moi.gov.tw/MoiOD/System/DownloadFile.aspx?DATA=7AD4724F-7337-47A1-AF9B-20AC3E1C8729","各機場、港口入出境人數統計資料_1050904"
"https://data.gov.tw/dataset/12369","各機場、港口入出境人數統計資料","自104年2月起，每周提供每日各機場港口入出境人數統計資料。","http://data.moi.gov.tw/MoiOD/System/DownloadFile.aspx?DATA=8E02C943-3CC3-43FF-9499-F189159B8D1E","各機場、港口入出境人數統計資料_1050522"
"https://data.gov.tw/dataset/12369","各機場、港口入出境人數統計資料","自104年2月起，每周提供每日各機場港口入出境人數統計資料。","http://data.moi.gov.tw/MoiOD/System/DownloadFile.aspx?DATA=83C55A7B-BA60-46A9-9103-07D32A4C4D10","各機場、港口入出境人數統計資料_1050918"
"https://data.gov.tw/dataset/12369","各機場、港口入出境人數統計資料","自104年2月起，每周提供每日各機場港口入出境人數統計資料。","http://data.moi.gov.tw/MoiOD/System/DownloadFile.aspx?DATA=CA714B87-318C-44D0-9C5C-155C25F91EBF","各機場、港口入出境人數統計資料_1060430"
"https://data.gov.tw/dataset/12369","各機場、港口入出境人數統計資料","自104年2月起，每周提供每日各機場港口入出境人數統計資料。","http://data.moi.gov.tw/MoiOD/System/DownloadFile.aspx?DATA=53159C06-592E-4F95-A3E7-EEEA0297E41F","各機場、港口入出境人數統計資料_1040412"
"https://data.gov.tw/dataset/12369","各機場、港口入出境人數統計資料","自104年2月起，每周提供每日各機場港口入出境人數統計資料。","http://data.moi.gov.tw/MoiOD/System/DownloadFile.aspx?DATA=4987FBC0-E06C-4DAF-97E2-CC7D174B1B58","各機場、港口入出境人數統計資料_1050430"
"https://data.gov.tw/dataset/12369","各機場、港口入出境人數統計資料","自104年2月起，每周提供每日各機場港口入出境人數統計資料。","http://data.moi.gov.tw/MoiOD/System/DownloadFile.aspx?DATA=B9B5A1E0-8807-4108-8134-A597A7F3A4F8","各機場、港口入出境人數統計資料_1050724"
"https://data.gov.tw/dataset/12369","各機場、港口入出境人數統計資料","自104年2月起，每周提供每日各機場港口入出境人數統計資料。","http://data.moi.gov.tw/MoiOD/System/DownloadFile.aspx?DATA=43E05827-D04F-42BC-8F64-7CC8B10425FF","各機場、港口入出境人數統計資料_1060108"
"https://data.gov.tw/dataset/12369","各機場、港口入出境人數統計資料","自104年2月起，每周提供每日各機場港口入出境人數統計資料。","http://data.moi.gov.tw/MoiOD/System/DownloadFile.aspx?DATA=F6AD4CBE-076C-4C7E-91D3-CF43F34EEECA","各機場、港口入出境人數統計資料_1060507"
"https://data.gov.tw/dataset/12369","各機場、港口入出境人數統計資料","自104年2月起，每周提供每日各機場港口入出境人數統計資料。","http://data.moi.gov.tw/MoiOD/System/DownloadFile.aspx?DATA=BA4D0A9B-DE41-4312-A2F4-BC57C3517DFA","各機場、港口入出境人數統計資料_1050501"
"https://data.gov.tw/dataset/12369","各機場、港口入出境人數統計資料","自104年2月起，每周提供每日各機場港口入出境人數統計資料。","http://data.moi.gov.tw/MoiOD/System/DownloadFile.aspx?DATA=2996769E-EEC7-406D-91F6-70073F486FC0","各機場、港口入出境人數統計資料_1050630"
"https://data.gov.tw/dataset/12369","各機場、港口入出境人數統計資料","自104年2月起，每周提供每日各機場港口入出境人數統計資料。","http://data.moi.gov.tw/MoiOD/System/DownloadFile.aspx?DATA=7C4FEB47-0CA6-41F5-BB45-DF2EAF2DEC09","各機場、港口入出境人數統計資料_1050306"
"https://data.gov.tw/dataset/12369","各機場、港口入出境人數統計資料","自104年2月起，每周提供每日各機場港口入出境人數統計資料。","http://data.moi.gov.tw/MoiOD/System/DownloadFile.aspx?DATA=89AA3760-EC42-4A50-B43E-FAA4A6A83060","各機場、港口入出境人數統計資料_1040308"
"https://data.gov.tw/dataset/12369","各機場、港口入出境人數統計資料","自104年2月起，每周提供每日各機場港口入出境人數統計資料。","http://data.moi.gov.tw/MoiOD/System/DownloadFile.aspx?DATA=268FE5EF-389C-42E2-B5DB-FC3753F11D60","各機場、港口入出境人數統計資料_1040510"
"https://data.gov.tw/dataset/12369","各機場、港口入出境人數統計資料","自104年2月起，每周提供每日各機場港口入出境人數統計資料。","http://data.moi.gov.tw/MoiOD/System/DownloadFile.aspx?DATA=6C5DE262-87D8-4782-96AA-EB62A7BAAC44","各機場、港口入出境人數統計資料_1060704"
"https://data.gov.tw/dataset/12369","各機場、港口入出境人數統計資料","自104年2月起，每周提供每日各機場港口入出境人數統計資料。","http://data.moi.gov.tw/MoiOD/System/DownloadFile.aspx?DATA=772A8965-F957-46B5-8B69-F2A46185C02B","各機場、港口入出境人數統計資料_1060228"
"https://data.gov.tw/dataset/12369","各機場、港口入出境人數統計資料","自104年2月起，每周提供每日各機場港口入出境人數統計資料。","http://data.moi.gov.tw/MoiOD/System/DownloadFile.aspx?DATA=754B3AF9-9240-4FCD-83CF-C4DE00A5B483","各機場、港口入出境人數統計資料_1060212"
"https://data.gov.tw/dataset/12369","各機場、港口入出境人數統計資料","自104年2月起，每周提供每日各機場港口入出境人數統計資料。","http://data.moi.gov.tw/MoiOD/System/DownloadFile.aspx?DATA=20C8EA2E-C769-4633-838C-840261AE459B","各機場、港口入出境人數統計資料_1040531"
"https://data.gov.tw/dataset/12369","各機場、港口入出境人數統計資料","自104年2月起，每周提供每日各機場港口入出境人數統計資料。","http://data.moi.gov.tw/MoiOD/System/DownloadFile.aspx?DATA=49704B77-84C8-4911-8DBB-47772E659EEF","各機場、港口入出境人數統計資料_1060205"
"https://data.gov.tw/dataset/12369","各機場、港口入出境人數統計資料","自104年2月起，每周提供每日各機場港口入出境人數統計資料。","http://data.moi.gov.tw/MoiOD/System/DownloadFile.aspx?DATA=66D93AB4-D289-4AB1-A19F-27A0CE8A2254","各機場、港口入出境人數統計資料_1060219"
"https://data.gov.tw/dataset/12369","各機場、港口入出境人數統計資料","自104年2月起，每周提供每日各機場港口入出境人數統計資料。","http://data.moi.gov.tw/MoiOD/System/DownloadFile.aspx?DATA=00C6DA51-55A2-42E2-83AC-3AFAD188E400","各機場、港口入出境人數統計資料_1060528"
"https://data.gov.tw/dataset/12369","各機場、港口入出境人數統計資料","自104年2月起，每周提供每日各機場港口入出境人數統計資料。","http://data.moi.gov.tw/MoiOD/System/DownloadFile.aspx?DATA=900A12EF-106E-477F-A8F7-15BFC5859F33","各機場、港口入出境人數統計資料_1060827"
"https://data.gov.tw/dataset/12369","各機場、港口入出境人數統計資料","自104年2月起，每周提供每日各機場港口入出境人數統計資料。","http://data.moi.gov.tw/MoiOD/System/DownloadFile.aspx?DATA=51A5C402-2316-4DB8-B101-52D4C10A7F59","各機場、港口入出境人數統計資料_1060531"
"https://data.gov.tw/dataset/12369","各機場、港口入出境人數統計資料","自104年2月起，每周提供每日各機場港口入出境人數統計資料。","http://data.moi.gov.tw/MoiOD/System/DownloadFile.aspx?DATA=615F655D-AE72-494C-AE34-DEA3E609A1F0","各機場、港口入出境人數統計資料_1040405"
"https://data.gov.tw/dataset/12369","各機場、港口入出境人數統計資料","自104年2月起，每周提供每日各機場港口入出境人數統計資料。","http://data.moi.gov.tw/MoiOD/System/DownloadFile.aspx?DATA=7CD56058-0081-4C86-8E4E-1BB6E4974F66","各機場、港口入出境人數統計資料_1051106"
"https://data.gov.tw/dataset/12369","各機場、港口入出境人數統計資料","自104年2月起，每周提供每日各機場港口入出境人數統計資料。","http://data.moi.gov.tw/MoiOD/System/DownloadFile.aspx?DATA=47909B3C-1574-4B0B-8B19-A0DDBAD3A38B","各機場、港口入出境人數統計資料_1050717"
"https://data.gov.tw/dataset/12369","各機場、港口入出境人數統計資料","自104年2月起，每周提供每日各機場港口入出境人數統計資料。","http://data.moi.gov.tw/MoiOD/System/DownloadFile.aspx?DATA=BDD496A7-7B0C-43E2-90B4-C53B8DCD0A72","各機場、港口入出境人數統計資料_1051219"
"https://data.gov.tw/dataset/12369","各機場、港口入出境人數統計資料","自104年2月起，每周提供每日各機場港口入出境人數統計資料。","http://data.moi.gov.tw/MoiOD/System/DownloadFile.aspx?DATA=F4BF6AC4-2291-4D72-AC8F-BFCF78F27D83","各機場、港口入出境人數統計資料_1050828"
"https://data.gov.tw/dataset/12369","各機場、港口入出境人數統計資料","自104年2月起，每周提供每日各機場港口入出境人數統計資料。","http://data.moi.gov.tw/MoiOD/System/DownloadFile.aspx?DATA=94C945FC-4C8B-4FA8-B88E-4CD4C7AA7BA0","各機場、港口入出境人數統計資料_1050619"
"https://data.gov.tw/dataset/12369","各機場、港口入出境人數統計資料","自104年2月起，每周提供每日各機場港口入出境人數統計資料。","http://data.moi.gov.tw/MoiOD/System/DownloadFile.aspx?DATA=A19BEC31-3DE4-40AF-B8CA-16FFAE0B13F0","各機場、港口入出境人數統計資料_1060813"
"https://data.gov.tw/dataset/12369","各機場、港口入出境人數統計資料","自104年2月起，每周提供每日各機場港口入出境人數統計資料。","http://data.moi.gov.tw/MoiOD/System/DownloadFile.aspx?DATA=8436DFBA-A42F-4097-8B0F-1126732E2D02","各機場、港口入出境人數統計資料_1040503"
"https://data.gov.tw/dataset/12369","各機場、港口入出境人數統計資料","自104年2月起，每周提供每日各機場港口入出境人數統計資料。","http://data.moi.gov.tw/MoiOD/System/DownloadFile.aspx?DATA=17103B28-E9BE-47CA-A4B2-1FC5B9AE74E0","各機場、港口入出境人數統計資料_1060103"
"https://data.gov.tw/dataset/12369","各機場、港口入出境人數統計資料","自104年2月起，每周提供每日各機場港口入出境人數統計資料。","http://data.moi.gov.tw/MoiOD/System/DownloadFile.aspx?DATA=F33CDD88-0E0C-4743-A758-B8A8008B4119","各機場、港口入出境人數統計資料_1060630"
"https://data.gov.tw/dataset/12369","各機場、港口入出境人數統計資料","自104年2月起，每周提供每日各機場港口入出境人數統計資料。","http://data.moi.gov.tw/MoiOD/System/DownloadFile.aspx?DATA=2E399721-C532-4A87-83CF-162122F9FA5A","各機場、港口入出境人數統計資料_1050515"
"https://data.gov.tw/dataset/12369","各機場、港口入出境人數統計資料","自104年2月起，每周提供每日各機場港口入出境人數統計資料。","http://data.moi.gov.tw/MoiOD/System/DownloadFile.aspx?DATA=27051426-DF9A-4BDC-AE8D-52D007EC8961","各機場、港口入出境人數統計資料_1050221"
"https://data.gov.tw/dataset/12369","各機場、港口入出境人數統計資料","自104年2月起，每周提供每日各機場港口入出境人數統計資料。","http://data.moi.gov.tw/MoiOD/System/DownloadFile.aspx?DATA=5BEB3014-1AA0-42EE-88A4-C883F708B129","各機場、港口入出境人數統計資料_1050807"
"https://data.gov.tw/dataset/12369","各機場、港口入出境人數統計資料","自104年2月起，每周提供每日各機場港口入出境人數統計資料。","http://data.moi.gov.tw/MoiOD/System/DownloadFile.aspx?DATA=E6CFC653-7DE3-411F-9F15-42CDAEE4E48C","各機場、港口入出境人數統計資料_1040730"
"https://data.gov.tw/dataset/12369","各機場、港口入出境人數統計資料","自104年2月起，每周提供每日各機場港口入出境人數統計資料。","http://data.moi.gov.tw/MoiOD/System/DownloadFile.aspx?DATA=F5AC8B68-501B-43C2-9D47-4B34B0169253","各機場、港口入出境人數統計資料_1041220"
"https://data.gov.tw/dataset/12369","各機場、港口入出境人數統計資料","自104年2月起，每周提供每日各機場港口入出境人數統計資料。","http://data.moi.gov.tw/MoiOD/System/DownloadFile.aspx?DATA=C20B0BB4-0AE4-4993-828D-112B565C9EFE","各機場、港口入出境人數統計資料_1050214"
"https://data.gov.tw/dataset/12369","各機場、港口入出境人數統計資料","自104年2月起，每周提供每日各機場港口入出境人數統計資料。","http://data.moi.gov.tw/MoiOD/System/DownloadFile.aspx?DATA=6C61581B-E99D-4653-AC82-B4D8568EFB29","各機場、港口入出境人數統計資料_1050821"
"https://data.gov.tw/dataset/12369","各機場、港口入出境人數統計資料","自104年2月起，每周提供每日各機場港口入出境人數統計資料。","http://data.moi.gov.tw/MoiOD/System/DownloadFile.aspx?DATA=C25F2B8A-CE8F-48E4-8543-C210120F436E","各機場、港口入出境人數統計資料_1050626"
"https://data.gov.tw/dataset/12369","各機場、港口入出境人數統計資料","自104年2月起，每周提供每日各機場港口入出境人數統計資料。","http://data.moi.gov.tw/MoiOD/System/DownloadFile.aspx?DATA=77F91966-10FC-4A3D-9F04-E6327EFE3390","各機場、港口入出境人數統計資料_1041108"
"https://data.gov.tw/dataset/12369","各機場、港口入出境人數統計資料","自104年2月起，每周提供每日各機場港口入出境人數統計資料。","http://data.moi.gov.tw/MoiOD/System/DownloadFile.aspx?DATA=16CC41B7-18C6-4C3A-94C4-5042E9A46947","各機場、港口入出境人數統計資料_1060903"
"https://data.gov.tw/dataset/12369","各機場、港口入出境人數統計資料","自104年2月起，每周提供每日各機場港口入出境人數統計資料。","http://data.moi.gov.tw/MoiOD/System/DownloadFile.aspx?DATA=64F273B4-6087-47E1-BA17-2358D79E1F43","各機場、港口入出境人數統計資料_1060115"
"https://data.gov.tw/dataset/12369","各機場、港口入出境人數統計資料","自104年2月起，每周提供每日各機場港口入出境人數統計資料。","http://data.moi.gov.tw/MoiOD/System/DownloadFile.aspx?DATA=F9B2A28D-04F3-4341-8917-5C18CFF59224","各機場、港口入出境人數統計資料_1051212"
"https://data.gov.tw/dataset/12369","各機場、港口入出境人數統計資料","自104年2月起，每周提供每日各機場港口入出境人數統計資料。","http://data.moi.gov.tw/MoiOD/System/DownloadFile.aspx?DATA=6B37A66E-7C58-4F87-85DC-F7879534F05E","各機場、港口入出境人數統計資料_1060319"
"https://data.gov.tw/dataset/12369","各機場、港口入出境人數統計資料","自104年2月起，每周提供每日各機場港口入出境人數統計資料。","http://data.moi.gov.tw/MoiOD/System/DownloadFile.aspx?DATA=EA220FB0-B4A0-4917-8A28-780CA7F8D6E2","各機場、港口入出境人數統計資料_1050529"
"https://data.gov.tw/dataset/12369","各機場、港口入出境人數統計資料","自104年2月起，每周提供每日各機場港口入出境人數統計資料。","http://data.moi.gov.tw/MoiOD/System/DownloadFile.aspx?DATA=CD893BDF-9B1B-4A55-B7FD-9FD851A572DA","各機場、港口入出境人數統計資料_1060716"
"https://data.gov.tw/dataset/12369","各機場、港口入出境人數統計資料","自104年2月起，每周提供每日各機場港口入出境人數統計資料。","http://data.moi.gov.tw/MoiOD/System/DownloadFile.aspx?DATA=45844953-E437-4958-9352-3A7D6CC2A80A","各機場、港口入出境人數統計資料_1050417"
"https://data.gov.tw/dataset/12369","各機場、港口入出境人數統計資料","自104年2月起，每周提供每日各機場港口入出境人數統計資料。","http://data.moi.gov.tw/MoiOD/System/DownloadFile.aspx?DATA=46C9E47F-1E76-497B-A165-11F9A4589FBF","各機場、港口入出境人數統計資料_1050221"
"https://data.gov.tw/dataset/12369","各機場、港口入出境人數統計資料","自104年2月起，每周提供每日各機場港口入出境人數統計資料。","http://data.moi.gov.tw/MoiOD/System/DownloadFile.aspx?DATA=E8FBC681-ACBA-4617-848E-48A4D1F07F09","各機場、港口入出境人數統計資料_1060604"
"https://data.gov.tw/dataset/12369","各機場、港口入出境人數統計資料","自104年2月起，每周提供每日各機場港口入出境人數統計資料。","http://data.moi.gov.tw/MoiOD/System/DownloadFile.aspx?DATA=CE0FD87D-E637-4B97-A49E-E08A0BEE565A","各機場、港口入出境人數統計資料_1040301"
"https://data.gov.tw/dataset/12369","各機場、港口入出境人數統計資料","自104年2月起，每周提供每日各機場港口入出境人數統計資料。","http://data.moi.gov.tw/MoiOD/System/DownloadFile.aspx?DATA=34DCCD8A-9A7C-4FDC-8135-80E63B0DC674","各機場、港口入出境人數統計資料_1060305"
"https://data.gov.tw/dataset/12369","各機場、港口入出境人數統計資料","自104年2月起，每周提供每日各機場港口入出境人數統計資料。","http://data.moi.gov.tw/MoiOD/System/DownloadFile.aspx?DATA=1157171F-5F9A-46FF-BBC8-B52BAC65126D","各機場、港口入出境人數統計資料_1050327"
"https://data.gov.tw/dataset/12369","各機場、港口入出境人數統計資料","自104年2月起，每周提供每日各機場港口入出境人數統計資料。","http://data.moi.gov.tw/MoiOD/System/DownloadFile.aspx?DATA=35B7E9C4-449A-4402-BF02-DE19C12FF03D","各機場、港口入出境人數統計資料_1040920"
"https://data.gov.tw/dataset/12369","各機場、港口入出境人數統計資料","自104年2月起，每周提供每日各機場港口入出境人數統計資料。","http://data.moi.gov.tw/MoiOD/System/DownloadFile.aspx?DATA=A7310A7A-C30A-4B8A-BA3E-823110E1978D","各機場、港口入出境人數統計資料_1050320"
"https://data.gov.tw/dataset/12369","各機場、港口入出境人數統計資料","自104年2月起，每周提供每日各機場港口入出境人數統計資料。","http://data.moi.gov.tw/MoiOD/System/DownloadFile.aspx?DATA=38346F72-89A2-4307-B57A-BAEE0B08A4E0","各機場、港口入出境人數統計資料_1051130"
"https://data.gov.tw/dataset/12369","各機場、港口入出境人數統計資料","自104年2月起，每周提供每日各機場港口入出境人數統計資料。","http://data.moi.gov.tw/MoiOD/System/DownloadFile.aspx?DATA=A63AECC0-DA64-405A-9C89-EB92C892DB46","各機場、港口入出境人數統計資料_1051016"
"https://data.gov.tw/dataset/12369","各機場、港口入出境人數統計資料","自104年2月起，每周提供每日各機場港口入出境人數統計資料。","http://data.moi.gov.tw/MoiOD/System/DownloadFile.aspx?DATA=9A1E24A3-1964-4219-AEC1-4B17A2BE47E0","各機場、港口入出境人數統計資料_1060831"
"https://data.gov.tw/dataset/12369","各機場、港口入出境人數統計資料","自104年2月起，每周提供每日各機場港口入出境人數統計資料。","http://data.moi.gov.tw/MoiOD/System/DownloadFile.aspx?DATA=8BD94560-1289-4D00-A1B0-5BD0E0AF724E","各機場、港口入出境人數統計資料_1040621"
"https://data.gov.tw/dataset/12369","各機場、港口入出境人數統計資料","自104年2月起，每周提供每日各機場港口入出境人數統計資料。","http://data.moi.gov.tw/MoiOD/System/DownloadFile.aspx?DATA=D527F47D-63FA-45A1-8E3A-374D5A393BA8","各機場、港口入出境人數統計資料_1060405"
"https://data.gov.tw/dataset/12369","各機場、港口入出境人數統計資料","自104年2月起，每周提供每日各機場港口入出境人數統計資料。","http://data.moi.gov.tw/MoiOD/System/DownloadFile.aspx?DATA=E80862D3-6DB3-4786-9154-4CBD8C654F9A","各機場、港口入出境人數統計資料_1040927"
"https://data.gov.tw/dataset/12369","各機場、港口入出境人數統計資料","自104年2月起，每周提供每日各機場港口入出境人數統計資料。","http://data.moi.gov.tw/MoiOD/System/DownloadFile.aspx?DATA=10FA622D-AFBD-4B02-98F1-E822CB316514","各機場、港口入出境人數統計資料_1051002"
"https://data.gov.tw/dataset/12369","各機場、港口入出境人數統計資料","自104年2月起，每周提供每日各機場港口入出境人數統計資料。","http://data.moi.gov.tw/MoiOD/System/DownloadFile.aspx?DATA=F7C9241B-E3D5-4B1D-9881-95C94F6DA85B","各機場、港口入出境人數統計資料_1050531"
"https://data.gov.tw/dataset/12369","各機場、港口入出境人數統計資料","自104年2月起，每周提供每日各機場港口入出境人數統計資料。","http://data.moi.gov.tw/MoiOD/System/DownloadFile.aspx?DATA=98E174B9-C305-459A-91F4-F089CB1C6645","各機場、港口入出境人數統計資料_1051127"
"https://data.gov.tw/dataset/12369","各機場、港口入出境人數統計資料","自104年2月起，每周提供每日各機場港口入出境人數統計資料。","http://data.moi.gov.tw/MoiOD/System/DownloadFile.aspx?DATA=AA849DBE-A752-48EB-B522-F088AF107B9F","各機場、港口入出境人數統計資料_1050313"
"https://data.gov.tw/dataset/12369","各機場、港口入出境人數統計資料","自104年2月起，每周提供每日各機場港口入出境人數統計資料。","http://data.moi.gov.tw/MoiOD/System/DownloadFile.aspx?DATA=D205F298-98E1-491C-824A-7F386A23BAB5","各機場、港口入出境人數統計資料_1040322"
"https://data.gov.tw/dataset/12369","各機場、港口入出境人數統計資料","自104年2月起，每周提供每日各機場港口入出境人數統計資料。","http://data.moi.gov.tw/MoiOD/System/DownloadFile.aspx?DATA=4D93EC5A-8C5B-4DCA-8998-13D4DECA3BD6","各機場、港口入出境人數統計資料_1050605"
"https://data.gov.tw/dataset/12369","各機場、港口入出境人數統計資料","自104年2月起，每周提供每日各機場港口入出境人數統計資料。","http://data.moi.gov.tw/MoiOD/System/DownloadFile.aspx?DATA=23A0B0C7-38FA-4C26-B108-32D864C642FD","各機場、港口入出境人數統計資料_1050710"
"https://data.gov.tw/dataset/12369","各機場、港口入出境人數統計資料","自104年2月起，每周提供每日各機場港口入出境人數統計資料。","http://data.moi.gov.tw/MoiOD/System/DownloadFile.aspx?DATA=8C1C5506-E700-4D6F-A1F4-CE62ED8437E4","各機場、港口入出境人數統計資料_1060731"
"https://data.gov.tw/dataset/12369","各機場、港口入出境人數統計資料","自104年2月起，每周提供每日各機場港口入出境人數統計資料。","http://data.moi.gov.tw/MoiOD/System/DownloadFile.aspx?DATA=DD2C0DB3-358E-40AA-A868-666444BD8885","各機場、港口入出境人數統計資料_1050124"
"https://data.gov.tw/dataset/12369","各機場、港口入出境人數統計資料","自104年2月起，每周提供每日各機場港口入出境人數統計資料。","http://data.moi.gov.tw/MoiOD/System/DownloadFile.aspx?DATA=46294117-DBC3-4E9D-A596-87CFD70A34CD","各機場、港口入出境人數統計資料_1060312"
"https://data.gov.tw/dataset/12369","各機場、港口入出境人數統計資料","自104年2月起，每周提供每日各機場港口入出境人數統計資料。","http://data.moi.gov.tw/MoiOD/System/DownloadFile.aspx?DATA=45DC2210-19B8-4A52-8B04-9D3FDF45CEAE","各機場、港口入出境人數統計資料_1040614"
"https://data.gov.tw/dataset/12369","各機場、港口入出境人數統計資料","自104年2月起，每周提供每日各機場港口入出境人數統計資料。","http://data.moi.gov.tw/MoiOD/System/DownloadFile.aspx?DATA=15C559C3-F145-4A43-8CB2-CB2630191E36","各機場、港口入出境人數統計資料_1050612"
"https://data.gov.tw/dataset/12369","各機場、港口入出境人數統計資料","自104年2月起，每周提供每日各機場港口入出境人數統計資料。","http://data.moi.gov.tw/MoiOD/System/DownloadFile.aspx?DATA=AC7DC1F6-8B2A-4DFD-A8A3-C8B219B97CDD","各機場、港口入出境人數統計資料_1050703"
"https://data.gov.tw/dataset/12369","各機場、港口入出境人數統計資料","自104年2月起，每周提供每日各機場港口入出境人數統計資料。","http://data.moi.gov.tw/MoiOD/System/DownloadFile.aspx?DATA=90A7DDB2-006B-484D-AAF9-B339A5414E70","各機場、港口入出境人數統計資料_1060611"
"https://data.gov.tw/dataset/12369","各機場、港口入出境人數統計資料","自104年2月起，每周提供每日各機場港口入出境人數統計資料。","http://data.moi.gov.tw/MoiOD/System/DownloadFile.aspx?DATA=1B559B3C-E963-4D86-90A2-F9D0C1B107A4","各機場、港口入出境人數統計資料_1040719"
"https://data.gov.tw/dataset/12369","各機場、港口入出境人數統計資料","自104年2月起，每周提供每日各機場港口入出境人數統計資料。","http://data.moi.gov.tw/MoiOD/System/DownloadFile.aspx?DATA=C4D55702-9E4E-41D4-AC36-84C2C95EF8C1","各機場、港口入出境人數統計資料_1060917"
"https://data.gov.tw/dataset/12369","各機場、港口入出境人數統計資料","自104年2月起，每周提供每日各機場港口入出境人數統計資料。","http://data.moi.gov.tw/MoiOD/System/DownloadFile.aspx?DATA=907CC86D-A4DF-4C3E-B064-5199F0D0F3B2","各機場、港口入出境人數統計資料_1060618"
"https://data.gov.tw/dataset/12369","各機場、港口入出境人數統計資料","自104年2月起，每周提供每日各機場港口入出境人數統計資料。","http://data.moi.gov.tw/MoiOD/System/DownloadFile.aspx?DATA=E6061689-4028-4917-8A83-F46A57A7EE98","各機場、港口入出境人數統計資料_1050103"
"https://data.gov.tw/dataset/12369","各機場、港口入出境人數統計資料","自104年2月起，每周提供每日各機場港口入出境人數統計資料。","http://data.moi.gov.tw/MoiOD/System/DownloadFile.aspx?DATA=0D4886B1-C31D-44A5-BFCF-0223BEC8186D","各機場、港口入出境人數統計資料_1050731"
"https://data.gov.tw/dataset/12369","各機場、港口入出境人數統計資料","自104年2月起，每周提供每日各機場港口入出境人數統計資料。","http://data.moi.gov.tw/MoiOD/System/DownloadFile.aspx?DATA=30664859-8967-498F-B08D-33B1C64EE711","各機場、港口入出境人數統計資料_1050424"
